tenure,MonthlyCharges,TotalCharges
9.0,35.45,396.71250000000003
55.0,89.8,3781.35
46.0,54.349999999999994,3384.6375
