SeniorCitizen,tenure,MonthlyCharges,TotalCharges
0.0,9.0,36.25,402.3625
0.0,56.0,89.9625,3838.3374999999996
0.0,47.0,53.712500000000006,3435.9749999999995
