tenure,MonthlyCharges,TotalCharges
9.0,35.8,412.20000000000005
56.0,90.0,3835.2625000000003
47.0,54.2,3423.0625
