tenure,MonthlyCharges,TotalCharges
9.0,35.0,411.17499999999995
55.75,89.8,3775.0125
46.75,54.8,3363.8374999999996
